tick	iso	caps	gated	works	partial	missing	unknown	working	ready_pct	gated_pct	measured_pct
190	2026-07-18T00:59:56-04:00	106	27	14	11	17	37	46.5	44	25	65
191	2026-07-18T01:20:14-04:00	106	27	14	11	17	37	46.5	44	25	65
192	2026-07-18T01:50:10-04:00	106	27	14	11	17	37	46.5	44	25	65
193	2026-07-18T02:22:00-04:00	106	27	14	11	17	37	46.5	44	25	65
194	2026-07-18T02:53:07-04:00	122	27	16	16	27	36	51.0	42	22	70
195	2026-07-18T03:22:34-04:00	126	27	16	15	33	35	50.5	40	21	72
196	2026-07-18T03:44:26-04:00	126	27	16	15	33	35	50.5	40	21	72
197	2026-07-18T04:11:59-04:00	126	27	16	15	33	35	50.5	40	21	72
198	2026-07-18T04:34:36-04:00	126	27	16	16	32	35	51.0	40	21	72
199	2026-07-18T04:55:43-04:00	126	27	16	16	32	35	51.0	40	21	72
200	2026-07-18T05:34:52-04:00	126	27	16	16	32	35	51.0	40	21	72
201	2026-07-18T06:11:26-04:00	126	27	16	16	32	35	51.0	40	21	72
202	2026-07-18T06:37:47-04:00	126	27	16	16	32	35	51.0	40	21	72
203	2026-07-18T06:56:37-04:00	126	27	16	16	32	35	51.0	40	21	72
204	2026-07-18T07:10:42-04:00	126	27	16	16	32	35	51.0	40	21	72
205	2026-07-18T07:29:32-04:00	126	27	16	16	32	35	51.0	40	21	72
206	2026-07-18T07:51:38-04:00	126	27	16	16	32	35	51.0	40	21	72
207	2026-07-18T08:09:25-04:00	126	27	16	16	32	35	51.0	40	21	72
208	2026-07-18T08:27:58-04:00	126	27	16	16	32	35	51.0	40	21	72
209	2026-07-18T08:46:17-04:00	126	27	16	16	32	35	51.0	40	21	72
210	2026-07-18T09:06:30-04:00	126	27	16	16	32	35	51.0	40	21	72
211	2026-07-18T09:25:30-04:00	126	27	16	16	32	35	51.0	40	21	72
212	2026-07-18T09:46:42-04:00	126	27	16	16	32	35	51.0	40	21	72
213	2026-07-18T10:26:03-04:00	126	27	16	16	32	35	51.0	40	21	72
214	2026-07-18T10:47:39-04:00	126	28	20	14	29	35	55.0	44	22	72
215	2026-07-18T11:10:00-04:00	126	28	20	14	29	35	55.0	44	22	72
216	2026-07-18T11:38:45-04:00	126	28	20	14	29	35	55.0	44	22	72
217	2026-07-18T11:45:10-04:00	126	28	20	14	29	35	55.0	44	22	72
218	2026-07-18T12:19:43-04:00	126	28	20	14	29	35	55.0	44	22	72
219	2026-07-18T13:27:36-04:00	126	28	20	14	29	35	55.0	44	22	72
220	2026-07-18T14:16:37-04:00	126	28	20	14	29	35	55.0	44	22	72
221	2026-07-18T15:31:02-04:00	126	28	20	14	29	35	55.0	44	22	72
222	2026-07-18T16:38:51-04:00	126	28	20	14	29	35	55.0	44	22	72
223	2026-07-18T17:53:46-04:00	128	28	20	14	31	35	55.0	43	22	73
224	2026-07-18T18:35:35-04:00	128	28	20	14	31	35	55.0	43	22	73
225	2026-07-18T18:42:34-04:00	128	36	20	14	40	18	63.0	49	28	86
226	2026-07-18T18:51:46-04:00	128	37	20	14	40	17	64.0	50	29	87
227	2026-07-18T18:58:28-04:00	128	37	20	15	40	16	64.5	50	29	88
228	2026-07-18T19:27:46-04:00	128	38	20	14	40	16	65.0	51	30	88
229	2026-07-18T19:52:19-04:00	128	39	20	14	40	15	66.0	52	30	88
230	2026-07-18T19:57:40-04:00	128	39	20	14	47	8	66.0	52	30	94
231	2026-07-18T20:50:08-04:00	128	40	20	13	47	8	66.5	52	31	94
232	2026-07-18T21:47:36-04:00	128	40	20	13	47	8	66.5	52	31	94
233	2026-07-18T22:28:21-04:00	128	40	20	13	47	8	66.5	52	31	94
234	2026-07-18T23:35:35-04:00	128	41	20	13	46	8	67.5	53	32	94
235	2026-07-19T06:22:28-04:00	129	43	20	14	46	6	70.0	54	33	95
239	2026-07-19T06:50:24-04:00	129	43	20	15	45	6	70.5	55	33	95
240	2026-07-19T07:23:06-04:00	129	43	20	15	45	6	70.5	55	33	95
241	2026-07-19T07:28:00-04:00	129	43	20	17	47	2	71.5	55	33	98
242	2026-07-19T08:05:08-04:00	129	44	20	16	47	2	72.0	56	34	98
243	2026-07-19T11:27:48-04:00	129	44	20	16	47	2	72.0	56	34	98
244	2026-07-19T11:47:39-04:00	129	46	20	16	45	2	74.0	57	36	98
245	2026-07-19T12:16:27-04:00	129	46	20	17	44	2	74.5	58	36	98
246	2026-07-19T12:36:59-04:00	129	46	20	17	44	2	74.5	58	36	98
247	2026-07-19T13:16:55-04:00	129	46	20	17	44	2	74.5	58	36	98
248	2026-07-19T14:09:32-04:00	129	46	20	17	44	2	74.5	58	36	98
249	2026-07-19T14:25:18-04:00	129	46	20	17	44	2	74.5	58	36	98
250	2026-07-19T14:50:59-04:00	129	46	20	17	44	2	74.5	58	36	98
251	2026-07-19T15:47:52-04:00	129	46	20	17	44	2	74.5	58	36	98
252	2026-07-19T16:24:56-04:00	129	46	20	17	44	2	74.5	58	36	98
253	2026-07-19T17:02:34-04:00	129	46	20	17	44	2	74.5	58	36	98
254	2026-07-19T17:43:27-04:00	129	46	20	17	44	2	74.5	58	36	98
255	2026-07-19T18:06:09-04:00	129	46	20	17	44	2	74.5	58	36	98
256	2026-07-19T18:33:02-04:00	129	46	20	17	44	2	74.5	58	36	98
257	2026-07-19T18:56:03-04:00	129	46	20	17	44	2	74.5	58	36	98
258	2026-07-19T19:05:06-04:00	129	49	20	21	37	2	79.5	62	38	98
259	2026-07-19T19:34:38-04:00	129	49	20	21	37	2	79.5	62	38	98
260	2026-07-19T20:05:28-04:00	129	49	20	21	37	2	79.5	62	38	98
261	2026-07-19T20:44:23-04:00	129	49	20	21	37	2	79.5	62	38	98
262	2026-07-19T21:44:35-04:00	129	49	20	21	37	2	79.5	62	38	98
263	2026-07-19T22:28:14-04:00	129	49	20	21	37	2	79.5	62	38	98
264	2026-07-19T23:38:00-04:00	129	49	20	21	37	2	79.5	62	38	98
265	2026-07-20T00:55:37-04:00	129	49	20	21	37	2	79.5	62	38	98
266	2026-07-20T02:21:03-04:00	129	50	20	21	36	2	80.5	62	39	98
267	2026-07-20T03:10:43-04:00	129	50	20	21	36	2	80.5	62	39	98
268	2026-07-20T04:12:35-04:00	129	50	20	21	36	2	80.5	62	39	98
269	2026-07-20T04:56:17-04:00	129	50	20	21	36	2	80.5	62	39	98
270	2026-07-20T05:56:51-04:00	129	50	20	21	36	2	80.5	62	39	98
271	2026-07-20T07:09:47-04:00	129	50	20	21	36	2	80.5	62	39	98
272	2026-07-20T08:14:21-04:00	129	50	20	21	36	2	80.5	62	39	98
274	2026-07-20T10:08:56-04:00	129	50	20	21	36	2	80.5	62	39	98
275	2026-07-20T10:49:11-04:00	129	50	20	21	36	2	80.5	62	39	98
276	2026-07-20T11:30:25-04:00	129	50	20	21	36	2	80.5	62	39	98
277	2026-07-20T11:46:14-04:00	129	50	20	21	36	2	80.5	62	39	98
278	2026-07-20T12:33:52-04:00	129	50	20	21	36	2	80.5	62	39	98
279	2026-07-20T13:02:48-04:00	130	52	20	21	35	2	82.5	63	40	98
280	2026-07-20T13:57:19-04:00	131	53	20	21	35	2	83.5	64	40	98
281	2026-07-20T14:32:10-04:00	131	54	20	21	34	2	84.5	65	41	98
282	2026-07-20T15:22:20-04:00	131	54	20	21	34	2	84.5	65	41	98
286	2026-07-20T18:39:03-04:00	131	54	21	20	34	2	85.0	65	41	98
287	2026-07-20T19:15:26-04:00	131	54	21	21	33	2	85.5	65	41	98
288	2026-07-20T20:01:32-04:00	131	54	21	22	32	2	86.0	66	41	98
289	2026-07-20T21:02:43-04:00	131	54	21	22	32	2	86.0	66	41	98
290	2026-07-20T21:34:06-04:00	131	54	21	22	32	2	86.0	66	41	98
291	2026-07-20T22:15:29-04:00	131	54	21	22	32	2	86.0	66	41	98
292	2026-07-20T22:46:32-04:00	131	54	21	22	32	2	86.0	66	41	98
293	2026-07-20T23:14:51-04:00	131	54	21	22	32	2	86.0	66	41	98
294	2026-07-20T23:45:38-04:00	131	54	21	22	32	2	86.0	66	41	98
295	2026-07-21T00:13:56-04:00	131	54	21	22	32	2	86.0	66	41	98
296	2026-07-21T00:42:12-04:00	131	54	21	22	32	2	86.0	66	41	98
297	2026-07-21T01:12:37-04:00	131	54	21	22	32	2	86.0	66	41	98
298	2026-07-21T01:43:43-04:00	131	54	21	22	32	2	86.0	66	41	98
299	2026-07-21T02:12:56-04:00	131	54	21	22	32	2	86.0	66	41	98
300	2026-07-21T02:41:17-04:00	131	54	21	22	32	2	86.0	66	41	98
301	2026-07-21T03:10:14-04:00	131	54	21	22	32	2	86.0	66	41	98
302	2026-07-21T03:55:15-04:00	131	54	21	22	32	2	86.0	66	41	98
303	2026-07-21T04:35:11-04:00	131	54	21	22	32	2	86.0	66	41	98
304	2026-07-21T05:06:10-04:00	131	54	21	22	32	2	86.0	66	41	98
305	2026-07-21T05:39:27-04:00	131	54	21	22	32	2	86.0	66	41	98
306	2026-07-21T06:12:42-04:00	131	54	21	22	32	2	86.0	66	41	98
307	2026-07-21T06:44:10-04:00	131	54	21	22	32	2	86.0	66	41	98
308	2026-07-21T07:14:37-04:00	131	55	21	22	31	2	87.0	66	42	98
309	2026-07-21T07:43:04-04:00	131	56	21	22	30	2	88.0	67	43	98
310	2026-07-21T08:54:05-04:00	132	57	21	22	30	2	89.0	67	43	98
311	2026-07-21T09:19:11-04:00	133	58	21	22	30	2	90.0	68	44	98
312	2026-07-21T09:39:20-04:00	134	59	21	22	30	2	91.0	68	44	99
313	2026-07-21T09:58:18-04:00	135	60	21	22	30	2	92.0	68	44	99
314	2026-07-21T10:21:35-04:00	136	61	21	22	30	2	93.0	68	45	99
315	2026-07-21T10:44:12-04:00	137	62	21	22	30	2	94.0	69	45	99
316	2026-07-21T11:06:23-04:00	138	63	21	22	30	2	95.0	69	46	99
317	2026-07-21T11:27:42-04:00	139	64	21	22	30	2	96.0	69	46	99
318	2026-07-21T11:52:04-04:00	140	65	21	22	30	2	97.0	69	46	99
319	2026-07-21T12:12:41-04:00	141	66	21	22	30	2	98.0	70	47	99
320	2026-07-21T12:34:23-04:00	142	67	21	22	30	2	99.0	70	47	99
321	2026-07-21T12:59:53-04:00	143	68	21	22	30	2	100.0	70	48	99
322	2026-07-21T13:28:54-04:00	144	69	21	22	30	2	101.0	70	48	99
323	2026-07-21T13:48:39-04:00	145	70	21	22	30	2	102.0	70	48	99
324	2026-07-21T14:08:58-04:00	146	71	21	22	30	2	103.0	71	49	99
332	2026-07-21T20:59:32-04:00	148	83	21	15	27	2	111.5	75	56	99
333	2026-07-21T21:38:30-04:00	148	83	21	15	27	2	111.5	75	56	99
334	2026-07-21T21:41:18-04:00	148	83	21	15	27	2	111.5	75	56	99
335	2026-07-21T22:08:06-04:00	148	83	21	15	27	2	111.5	75	56	99
336	2026-07-21T22:12:33-04:00	148	83	21	15	27	2	111.5	75	56	99
337	2026-07-21T22:17:46-04:00	149	84	21	15	27	2	112.5	76	56	99
338	2026-07-21T22:28:05-04:00	149	84	21	15	27	2	112.5	76	56	99
339	2026-07-21T22:37:34-04:00	149	84	21	15	27	2	112.5	76	56	99
340	2026-07-21T22:57:21-04:00	149	84	21	15	27	2	112.5	76	56	99
341	2026-07-21T23:09:07-04:00	149	84	21	15	27	2	112.5	76	56	99
342	2026-07-21T23:21:06-04:00	149	84	21	15	27	2	112.5	76	56	99
344	2026-07-22T00:05:13-04:00	149	84	21	16	26	2	113.0	76	56	99
345	2026-07-22T00:47:00-04:00	149	85	21	15	26	2	113.5	76	57	99
346	2026-07-22T01:16:49-04:00	149	86	21	14	26	2	114.0	77	58	99
347	2026-07-22T01:42:23-04:00	150	86	21	14	26	3	114.0	76	57	98
348	2026-07-22T02:08:04-04:00	150	86	21	14	26	3	114.0	76	57	98
349	2026-07-22T02:51:33-04:00	150	87	21	13	26	3	114.5	76	58	98
349	2026-07-22T02:52:55-04:00	150	87	21	13	26	3	114.5	76	58	98
350	2026-07-22T03:17:51-04:00	150	88	21	13	25	3	115.5	77	59	98
352	2026-07-22T03:40:14-04:00	150	88	21	13	25	3	115.5	77	59	98
353	2026-07-22T04:05:32-04:00	150	88	21	13	25	3	115.5	77	59	98
354	2026-07-22T04:31:05-04:00	150	88	21	13	25	3	115.5	77	59	98
355	2026-07-22T04:52:01-04:00	150	89	21	13	24	3	116.5	78	59	98
356	2026-07-22T04:55:32-04:00	150	89	21	13	24	3	116.5	78	59	98
357	2026-07-22T04:59:29-04:00	152	89	21	13	25	4	116.5	77	59	97
358	2026-07-22T05:02:41-04:00	152	89	21	13	25	4	116.5	77	59	97
359	2026-07-22T05:08:25-04:00	152	90	21	13	25	3	117.5	77	59	98
360	2026-07-22T05:28:10-04:00	152	90	21	13	25	3	117.5	77	59	98
361	2026-07-22T05:44:09-04:00	152	90	21	14	24	3	118.0	78	59	98
362	2026-07-22T06:02:48-04:00	152	90	21	14	24	3	118.0	78	59	98
363	2026-07-22T06:18:30-04:00	152	90	21	14	24	3	118.0	78	59	98
364	2026-07-22T06:35:25-04:00	152	90	21	14	24	3	118.0	78	59	98
365	2026-07-22T06:39:04-04:00	152	91	21	13	24	3	118.5	78	60	98
366	2026-07-22T06:42:37-04:00	152	91	21	13	24	3	118.5	78	60	98
367	2026-07-22T06:46:06-04:00	153	91	21	13	25	3	118.5	77	59	98
368	2026-07-22T06:52:20-04:00	153	91	21	13	25	3	118.5	77	59	98
369	2026-07-22T07:06:32-04:00	153	91	21	13	25	3	118.5	77	59	98
370	2026-07-22T07:15:04-04:00	153	91	21	13	25	3	118.5	77	59	98
371	2026-07-22T07:19:35-04:00	153	91	21	13	25	3	118.5	77	59	98
372	2026-07-22T07:35:44-04:00	153	91	21	14	25	2	119.0	78	59	99
373	2026-07-22T07:49:46-04:00	153	91	21	14	25	2	119.0	78	59	99
374	2026-07-22T07:52:36-04:00	153	91	21	14	25	2	119.0	78	59	99
375	2026-07-22T07:58:31-04:00	153	91	21	14	25	2	119.0	78	59	99
376	2026-07-22T08:01:13-04:00	153	91	21	14	25	2	119.0	78	59	99
377	2026-07-22T08:04:27-04:00	154	91	21	14	26	2	119.0	77	59	99
378	2026-07-22T08:19:35-04:00	154	92	21	14	25	2	120.0	78	60	99
379	2026-07-22T09:30:46-04:00	154	93	21	14	24	2	121.0	79	60	99
380	2026-07-22T10:34:14-04:00	154	93	21	14	24	2	121.0	79	60	99
381	2026-07-22T10:49:39-04:00	154	93	21	14	24	2	121.0	79	60	99
382	2026-07-22T10:52:50-04:00	154	93	21	14	24	2	121.0	79	60	99
383	2026-07-22T11:25:49-04:00	154	93	21	14	24	2	121.0	79	60	99
384	2026-07-22T11:52:14-04:00	154	93	21	14	24	2	121.0	79	60	99
385	2026-07-22T12:06:34-04:00	154	93	21	14	24	2	121.0	79	60	99
386	2026-07-22T12:10:18-04:00	154	93	21	14	24	2	121.0	79	60	99
387	2026-07-22T12:14:09-04:00	155	93	21	14	25	2	121.0	78	60	99
388	2026-07-22T12:30:57-04:00	155	94	21	14	24	2	122.0	79	61	99
389	2026-07-22T12:50:08-04:00	155	94	21	14	24	2	122.0	79	61	99
390	2026-07-22T12:53:08-04:00	155	94	21	14	24	2	122.0	79	61	99
391	2026-07-22T13:07:58-04:00	155	94	21	14	24	2	122.0	79	61	99
392	2026-07-22T14:03:58-04:00	155	94	21	14	24	2	122.0	79	61	99
393	2026-07-22T14:09:50-04:00	155	94	21	14	24	2	122.0	79	61	99
394	2026-07-22T14:26:53-04:00	156	94	21	15	24	2	122.5	79	60	99
395	2026-07-22T14:39:40-04:00	156	94	21	15	24	2	122.5	79	60	99
396	2026-07-22T14:42:50-04:00	156	94	21	15	24	2	122.5	79	60	99
397	2026-07-22T14:46:04-04:00	156	94	21	15	24	2	122.5	79	60	99
398	2026-07-22T14:49:10-04:00	156	94	21	15	24	2	122.5	79	60	99
399	2026-07-22T14:52:21-04:00	156	94	21	15	24	2	122.5	79	60	99
400	2026-07-22T14:56:34-04:00	156	94	21	15	24	2	122.5	79	60	99
401	2026-07-22T15:26:49-04:00	156	94	21	15	24	2	122.5	79	60	99
402	2026-07-22T15:45:17-04:00	156	94	21	15	24	2	122.5	79	60	99
403	2026-07-22T15:58:05-04:00	156	94	21	15	24	2	122.5	79	60	99
404	2026-07-22T16:14:07-04:00	156	94	21	15	24	2	122.5	79	60	99
405	2026-07-22T16:18:18-04:00	156	94	21	15	24	2	122.5	79	60	99
406	2026-07-22T16:23:48-04:00	156	94	21	15	24	2	122.5	79	60	99
407	2026-07-22T16:28:24-04:00	157	94	21	15	24	3	122.5	78	60	98
408	2026-07-22T17:05:43-04:00	157	94	21	15	24	3	122.5	78	60	98
409	2026-07-22T17:27:05-04:00	157	94	21	15	24	3	122.5	78	60	98
410	2026-07-22T17:33:43-04:00	157	94	21	16	23	3	123.0	78	60	98
411	2026-07-22T17:49:58-04:00	157	94	21	16	23	3	123.0	78	60	98
412	2026-07-22T18:12:22-04:00	157	94	21	16	23	3	123.0	78	60	98
413	2026-07-22T18:36:46-04:00	157	94	21	16	23	3	123.0	78	60	98
414	2026-07-22T19:07:36-04:00	157	94	21	16	23	3	123.0	78	60	98
415	2026-07-22T19:24:48-04:00	157	94	21	16	23	3	123.0	78	60	98
416	2026-07-22T19:45:01-04:00	157	94	21	16	23	3	123.0	78	60	98
417	2026-07-22T20:18:08-04:00	157	94	21	16	23	3	123.0	78	60	98
418	2026-07-22T20:38:05-04:00	161	95	21	16	23	6	124.0	77	59	96
419	2026-07-22T20:43:43-04:00	162	96	21	16	23	6	125.0	77	59	96
420	2026-07-22T21:01:38-04:00	162	96	22	16	23	5	126.0	78	59	97
421	2026-07-22T21:26:40-04:00	162	97	21	16	23	5	126.0	78	60	97
422	2026-07-22T21:41:36-04:00	163	98	21	16	23	5	127.0	78	60	97
423	2026-07-22T22:09:02-04:00	164	99	21	16	23	5	128.0	78	60	97
424	2026-07-22T22:24:44-04:00	165	100	21	16	23	5	129.0	78	61	97
425	2026-07-22T22:49:30-04:00	165	101	20	16	23	5	129.0	78	61	97
426	2026-07-22T23:08:57-04:00	166	102	20	16	23	5	130.0	78	61	97
427	2026-07-22T23:49:33-04:00	167	103	20	16	23	5	131.0	78	62	97
428	2026-07-23T00:00:23-04:00	173	104	20	16	23	10	132.0	76	60	94
430	2026-07-23T00:40:27-04:00	174	106	20	16	23	9	134.0	77	61	95
431	2026-07-23T01:11:22-04:00	175	107	20	16	23	9	135.0	77	61	95
432	2026-07-23T01:42:59-04:00	176	108	20	16	23	9	136.0	77	61	95
433	2026-07-23T02:25:43-04:00	176	109	20	16	23	8	137.0	78	62	95
434	2026-07-23T02:43:46-04:00	177	110	20	16	23	8	138.0	78	62	95
435	2026-07-23T03:05:33-04:00	178	111	20	16	23	8	139.0	78	62	96
436	2026-07-23T03:24:22-04:00	179	112	20	16	23	8	140.0	78	63	96
437	2026-07-23T03:49:34-04:00	180	113	20	16	23	8	141.0	78	63	96
438	2026-07-23T04:18:23-04:00	180	113	20	16	23	8	141.0	78	63	96
439	2026-07-23T04:42:56-04:00	186	118	20	16	23	9	146.0	78	63	95
440	2026-07-23T05:15:47-04:00	186	118	20	16	23	9	146.0	78	63	95
441	2026-07-23T05:42:22-04:00	186	118	20	16	23	9	146.0	78	63	95
442	2026-07-23T06:07:04-04:00	186	118	20	16	23	9	146.0	78	63	95
443	2026-07-23T06:29:44-04:00	186	118	20	16	23	9	146.0	78	63	95
444	2026-07-23T07:05:23-04:00	186	118	20	16	23	9	146.0	78	63	95
445	2026-07-23T08:02:27-04:00	186	118	20	16	23	9	146.0	78	63	95
446	2026-07-23T08:29:39-04:00	186	118	20	16	23	9	146.0	78	63	95
447	2026-07-23T08:46:54-04:00	186	118	20	16	23	9	146.0	78	63	95
448	2026-07-23T09:26:14-04:00	187	119	20	16	23	9	147.0	79	64	95
449	2026-07-23T09:56:04-04:00	187	119	20	16	23	9	147.0	79	64	95
450	2026-07-23T10:27:38-04:00	187	119	20	16	23	9	147.0	79	64	95
451	2026-07-23T10:52:48-04:00	187	119	20	16	23	9	147.0	79	64	95
452	2026-07-23T11:15:18-04:00	187	119	20	16	23	9	147.0	79	64	95
453	2026-07-23T11:51:21-04:00	187	119	20	16	23	9	147.0	79	64	95
454	2026-07-23T12:27:02-04:00	187	119	20	16	23	9	147.0	79	64	95
455	2026-07-23T12:31:57-04:00	187	119	20	16	23	9	147.0	79	64	95
456	2026-07-23T12:57:55-04:00	187	119	20	16	23	9	147.0	79	64	95
457	2026-07-23T13:19:53-04:00	187	119	20	16	23	9	147.0	79	64	95
464	2026-07-23T16:52:52-04:00	189	123	20	15	23	8	150.5	80	65	96
465	2026-07-23T17:39:15-04:00	189	123	20	15	23	8	150.5	80	65	96
468	2026-07-23T19:10:06-04:00	192	123	20	15	23	11	150.5	78	64	94
469	2026-07-23T19:50:45-04:00	192	124	20	15	23	10	151.5	79	65	95
470	2026-07-23T20:15:11-04:00	192	124	20	15	23	10	151.5	79	65	95
471	2026-07-23T20:37:46-04:00	192	124	20	15	23	10	151.5	79	65	95
472	2026-07-23T21:04:05-04:00	192	124	20	15	23	10	151.5	79	65	95
473	2026-07-23T21:18:54-04:00	192	124	20	15	23	10	151.5	79	65	95
474	2026-07-23T21:39:52-04:00	192	124	20	15	23	10	151.5	79	65	95
475	2026-07-23T22:05:57-04:00	192	124	20	15	23	10	151.5	79	65	95
476	2026-07-23T22:45:58-04:00	192	124	20	15	23	10	151.5	79	65	95
477	2026-07-23T23:20:02-04:00	192	124	20	15	23	10	151.5	79	65	95
478	2026-07-23T23:55:25-04:00	194	124	20	15	23	12	151.5	78	64	94
479	2026-07-24T00:17:19-04:00	194	124	20	15	23	12	151.5	78	64	94
480	2026-07-24T01:06:34-04:00	194	124	20	15	23	12	151.5	78	64	94
481	2026-07-24T01:25:31-04:00	194	124	20	15	23	12	151.5	78	64	94
482	2026-07-24T01:50:32-04:00	194	124	20	15	23	12	151.5	78	64	94
483	2026-07-24T02:14:57-04:00	194	124	20	15	23	12	151.5	78	64	94
484	2026-07-24T02:50:32-04:00	194	124	20	15	23	12	151.5	78	64	94
485	2026-07-24T03:14:48-04:00	194	124	20	15	23	12	151.5	78	64	94
486	2026-07-24T03:49:40-04:00	194	124	20	15	23	12	151.5	78	64	94
487	2026-07-24T04:18:14-04:00	194	124	20	15	23	12	151.5	78	64	94
488	2026-07-24T04:35:11-04:00	194	124	20	15	23	12	151.5	78	64	94
489	2026-07-24T05:00:22-04:00	194	124	20	15	23	12	151.5	78	64	94
490	2026-07-24T05:16:56-04:00	194	124	20	15	23	12	151.5	78	64	94
491	2026-07-24T05:31:41-04:00	194	124	20	15	23	12	151.5	78	64	94
492	2026-07-24T05:38:35-04:00	194	124	20	15	23	12	151.5	78	64	94
493	2026-07-24T05:58:16-04:00	194	124	20	15	23	12	151.5	78	64	94
494	2026-07-24T06:20:37-04:00	194	124	20	15	23	12	151.5	78	64	94
495	2026-07-24T06:31:53-04:00	194	124	20	15	23	12	151.5	78	64	94
496	2026-07-24T06:47:44-04:00	194	124	20	15	23	12	151.5	78	64	94
497	2026-07-24T07:03:27-04:00	194	124	20	15	23	12	151.5	78	64	94
498	2026-07-24T07:11:09-04:00	194	124	20	15	23	12	151.5	78	64	94
499	2026-07-24T07:43:20-04:00	194	124	20	15	23	12	151.5	78	64	94
500	2026-07-24T08:03:23-04:00	194	124	20	15	23	12	151.5	78	64	94
501	2026-07-24T08:10:03-04:00	194	126	20	17	23	8	154.5	80	65	96
502	2026-07-24T08:32:52-04:00	194	126	20	17	23	8	154.5	80	65	96
512	2026-07-24T10:29:33-04:00	198	126	21	20	28	3	157.0	79	64	98
513	2026-07-24T11:20:20-04:00	198	126	21	20	28	3	157.0	79	64	98
514	2026-07-24T12:18:10-04:00	198	126	21	20	28	3	157.0	79	64	98
515	2026-07-24T12:52:24-04:00	198	126	21	20	28	3	157.0	79	64	98
516	2026-07-24T13:28:15-04:00	198	126	21	20	28	3	157.0	79	64	98
517	2026-07-24T13:55:38-04:00	198	126	21	20	28	3	157.0	79	64	98
518	2026-07-24T14:03:44-04:00	199	127	21	19	28	4	157.5	79	64	98
519	2026-07-24T14:09:13-04:00	199	127	21	19	28	4	157.5	79	64	98
520	2026-07-24T14:39:58-04:00	199	127	21	19	28	4	157.5	79	64	98
521	2026-07-24T15:10:38-04:00	199	128	21	18	28	4	158.0	79	64	98
522	2026-07-24T15:30:38-04:00	199	128	21	18	28	4	158.0	79	64	98
523	2026-07-24T16:00:06-04:00	199	128	21	18	28	4	158.0	79	64	98
524	2026-07-24T16:18:59-04:00	199	128	21	18	28	4	158.0	79	64	98
525	2026-07-24T16:31:09-04:00	199	128	21	18	28	4	158.0	79	64	98
526	2026-07-24T16:56:44-04:00	199	129	21	18	27	4	159.0	80	65	98
527	2026-07-24T17:07:58-04:00	199	129	21	18	27	4	159.0	80	65	98
528	2026-07-24T17:29:30-04:00	203	129	21	18	27	8	159.0	78	64	96
529	2026-07-24T17:41:51-04:00	203	131	21	18	27	6	161.0	79	65	97
530	2026-07-24T18:14:27-04:00	203	132	21	18	28	4	162.0	80	65	98
531	2026-07-24T18:31:59-04:00	203	132	21	18	28	4	162.0	80	65	98
532	2026-07-24T19:00:27-04:00	203	132	21	18	28	4	162.0	80	65	98
533	2026-07-24T19:11:32-04:00	203	132	21	18	28	4	162.0	80	65	98
534	2026-07-24T19:17:01-04:00	203	132	21	18	28	4	162.0	80	65	98
535	2026-07-24T19:23:57-04:00	203	132	21	18	28	4	162.0	80	65	98
536	2026-07-24T19:40:02-04:00	203	132	21	18	28	4	162.0	80	65	98
537	2026-07-24T19:56:50-04:00	203	132	21	18	28	4	162.0	80	65	98
538	2026-07-24T20:06:52-04:00	205	132	21	18	28	6	162.0	79	64	97
539	2026-07-24T20:26:32-04:00	205	132	21	20	28	4	163.0	80	64	98
540	2026-07-24T20:42:27-04:00	205	132	21	20	28	4	163.0	80	64	98
541	2026-07-24T20:49:54-04:00	205	133	21	20	28	3	164.0	80	65	99
542	2026-07-24T20:58:14-04:00	205	133	21	21	28	2	164.5	80	65	99
543	2026-07-24T21:09:40-04:00	205	133	21	21	28	2	164.5	80	65	99
544	2026-07-24T21:20:42-04:00	205	133	22	20	28	2	165.0	80	65	99
544	2026-07-24T21:53:44-04:00	205	133	22	20	28	2	165.0	80	65	99
544	2026-07-24T23:23:06-04:00	205	133	22	21	28	1	165.5	81	65	100
544	2026-07-24T23:38:18-04:00	205	133	22	21	28	1	165.5	81	65	100
544	2026-07-24T23:56:45-04:00	208	133	22	21	28	4	165.5	80	64	98
544	2026-07-25T01:24:52-04:00	208	133	22	21	28	4	165.5	80	64	98
544	2026-07-25T01:57:00-04:00	208	133	22	21	28	4	165.5	80	64	98
544	2026-07-25T03:26:16-04:00	208	133	22	21	28	4	165.5	80	64	98
544	2026-07-25T03:40:19-04:00	208	133	22	21	28	4	165.5	80	64	98
544	2026-07-25T03:51:22-04:00	208	133	22	21	28	4	165.5	80	64	98
544	2026-07-25T04:11:09-04:00	208	133	22	21	28	4	165.5	80	64	98
544	2026-07-25T04:22:43-04:00	208	133	22	21	28	4	165.5	80	64	98
544	2026-07-25T04:26:30-04:00	208	133	22	21	28	4	165.5	80	64	98
544	2026-07-25T04:49:13-04:00	208	133	22	21	28	4	165.5	80	64	98
544	2026-07-25T05:28:40-04:00	217	133	22	21	30	11	165.5	76	61	95
544	2026-07-25T06:40:41-04:00	217	133	22	21	30	11	165.5	76	61	95
544	2026-07-25T06:44:19-04:00	217	133	22	21	30	11	165.5	76	61	95
544	2026-07-25T07:00:15-04:00	217	133	22	21	30	11	165.5	76	61	95
544	2026-07-25T07:05:16-04:00	217	133	22	21	30	11	165.5	76	61	95
544	2026-07-25T07:24:38-04:00	217	133	22	21	30	11	165.5	76	61	95
544	2026-07-25T08:04:28-04:00	217	133	22	21	30	11	165.5	76	61	95
544	2026-07-25T08:07:43-04:00	217	133	22	21	30	11	165.5	76	61	95
544	2026-07-25T08:11:27-04:00	217	133	22	21	30	11	165.5	76	61	95
544	2026-07-25T08:14:41-04:00	217	133	22	21	30	11	165.5	76	61	95
544	2026-07-25T08:28:54-04:00	217	133	23	21	31	9	166.5	77	61	96
544	2026-07-25T09:02:41-04:00	217	133	23	21	31	9	166.5	77	61	96
544	2026-07-25T09:28:45-04:00	217	133	23	21	31	9	166.5	77	61	96
544	2026-07-25T10:52:08-04:00	217	133	23	21	31	8	166.5	77	61	96
544	2026-07-25T11:58:20-04:00	217	133	23	21	31	8	166.5	77	61	96
544	2026-07-25T14:11:25-04:00	217	134	23	21	30	8	167.5	77	62	96
544	2026-07-25T15:08:57-04:00	217	134	23	21	30	8	167.5	77	62	96
0	2026-07-25T15:46:34-04:00	217	134	23	21	30	8	167.5	77	62	96
0	2026-07-25T16:30:31-04:00	217	134	23	21	30	8	167.5	77	62	96
0	2026-07-25T17:02:48-04:00	276	160	23	21	55	16	193.5	70	58	94
0	2026-07-25T17:14:10-04:00	276	161	23	21	55	15	194.5	70	58	95
0	2026-07-25T17:55:25-04:00	276	161	23	21	55	15	194.5	70	58	95
0	2026-07-25T18:07:46-04:00	324	211	19	23	55	15	241.5	75	65	95
0	2026-07-25T18:41:00-04:00	324	212	18	23	55	15	241.5	75	65	95
0	2026-07-25T18:56:08-04:00	324	212	18	23	55	15	241.5	75	65	95
0	2026-07-25T19:07:52-04:00	324	212	18	23	55	15	241.5	75	65	95
0	2026-07-25T19:19:13-04:00	324	212	18	23	55	15	241.5	75	65	95
0	2026-07-25T19:33:03-04:00	324	212	18	23	55	15	241.5	75	65	95
0	2026-07-25T20:11:25-04:00	324	212	18	23	55	15	241.5	75	65	95
0	2026-07-25T20:31:37-04:00	349	216	17	24	74	17	245.0	70	62	95
0	2026-07-25T21:06:03-04:00	349	217	17	24	73	17	246.0	70	62	95
0	2026-07-25T21:23:38-04:00	349	217	17	25	72	17	246.5	71	62	95
0	2026-07-25T22:00:31-04:00	349	217	17	25	72	17	246.5	71	62	95
0	2026-07-25T22:42:12-04:00	350	218	17	25	72	17	247.5	71	62	95
0	2026-07-25T23:07:27-04:00	351	219	17	25	72	17	248.5	71	62	95
0	2026-07-25T23:31:52-04:00	352	220	17	25	72	17	249.5	71	62	95
0	2026-07-25T23:51:27-04:00	352	221	17	25	71	17	250.5	71	63	95
0	2026-07-26T00:09:57-04:00	353	222	17	25	71	17	251.5	71	63	95
0	2026-07-26T00:29:39-04:00	353	222	17	25	71	17	251.5	71	63	95
0	2026-07-26T00:39:07-04:00	354	224	17	25	71	17	253.5	72	63	95
0	2026-07-26T01:19:54-04:00	354	225	17	25	72	15	254.5	72	64	96
0	2026-07-26T01:41:52-04:00	354	226	17	25	71	15	255.5	72	64	96
0	2026-07-26T02:02:59-04:00	354	229	17	26	74	8	259.0	73	65	98
0	2026-07-26T02:09:38-04:00	354	229	17	27	81	0	259.5	73	65	100
0	2026-07-26T02:28:16-04:00	355	230	17	27	81	0	260.5	73	65	100
0	2026-07-26T02:46:23-04:00	356	231	17	27	81	0	261.5	73	65	100
0	2026-07-26T02:51:38-04:00	357	231	17	27	82	0	261.5	73	65	100
0	2026-07-26T03:24:45-04:00	357	231	17	27	82	0	261.5	73	65	100
0	2026-07-26T04:08:23-04:00	358	232	17	27	82	0	262.5	73	65	100
0	2026-07-26T04:45:00-04:00	362	233	17	27	84	1	263.5	73	64	100
0	2026-07-26T05:34:53-04:00	363	234	17	27	84	1	264.5	73	64	100
0	2026-07-26T18:36:41-04:00	370	243	10	25	85	7	265.5	72	66	98
648	2026-07-27T00:49:19-04:00	374	253	10	28	83	0	277.0	74	68	100
648	2026-07-27T01:26:52-04:00	374	253	10	28	83	0	277.0	74	68	100
648	2026-07-27T02:08:09-04:00	374	253	10	28	83	0	277.0	74	68	100
648	2026-07-27T03:56:47-04:00	374	253	10	28	83	0	277.0	74	68	100
648	2026-07-27T04:27:08-04:00	374	253	10	28	83	0	277.0	74	68	100
648	2026-07-27T04:58:44-04:00	374	253	10	28	83	0	277.0	74	68	100
648	2026-07-27T05:32:03-04:00	374	253	10	28	83	0	277.0	74	68	100
648	2026-07-27T05:59:20-04:00	374	253	10	28	83	0	277.0	74	68	100
648	2026-07-27T06:26:33-04:00	380	259	10	28	83	0	283.0	74	68	100
648	2026-07-27T06:36:52-04:00	380	259	10	28	83	0	283.0	74	68	100
648	2026-07-27T06:57:14-04:00	380	259	10	28	83	0	283.0	74	68	100
648	2026-07-27T07:26:21-04:00	380	259	10	28	83	0	283.0	74	68	100
648	2026-07-27T07:31:48-04:00	380	259	10	28	83	0	283.0	74	68	100
648	2026-07-27T07:36:56-04:00	380	259	10	28	83	0	283.0	74	68	100
648	2026-07-27T08:02:35-04:00	380	259	10	28	83	0	283.0	74	68	100
648	2026-07-27T08:13:10-04:00	380	259	10	28	83	0	283.0	74	68	100
661	2026-07-27T08:46:20-04:00	380	259	10	28	83	0	283.0	74	68	100
661	2026-07-27T08:58:22-04:00	383	262	10	28	83	0	286.0	75	68	100
661	2026-07-27T09:22:00-04:00	383	262	10	28	83	0	286.0	75	68	100
661	2026-07-27T09:48:58-04:00	383	262	10	28	83	0	286.0	75	68	100
661	2026-07-27T11:16:22-04:00	383	262	10	28	83	0	286.0	75	68	100
661	2026-07-27T11:16:27-04:00	383	262	10	28	83	0	286.0	75	68	100
661	2026-07-27T11:42:15-04:00	383	262	10	28	83	0	286.0	75	68	100
661	2026-07-27T12:09:33-04:00	383	262	10	28	83	0	286.0	75	68	100
661	2026-07-27T12:40:15-04:00	383	262	10	28	83	0	286.0	75	68	100
661	2026-07-27T13:10:44-04:00	383	262	10	28	83	0	286.0	75	68	100
661	2026-07-27T13:58:44-04:00	388	263	10	28	87	0	287.0	74	68	100
661	2026-07-27T15:48:59-04:00	388	263	10	28	87	0	287.0	74	68	100
661	2026-07-27T16:36:30-04:00	388	263	10	28	87	0	287.0	74	68	100
661	2026-07-27T17:00:44-04:00	388	263	10	28	87	0	287.0	74	68	100
661	2026-07-27T17:40:38-04:00	388	263	10	28	87	0	287.0	74	68	100
661	2026-07-27T17:53:40-04:00	388	263	10	28	87	0	287.0	74	68	100
661	2026-07-27T18:06:47-04:00	388	263	10	28	87	0	287.0	74	68	100
661	2026-07-27T18:14:44-04:00	388	263	10	28	87	0	287.0	74	68	100
661	2026-07-27T18:29:45-04:00	388	263	10	28	87	0	287.0	74	68	100
661	2026-07-27T18:41:43-04:00	388	263	10	28	87	0	287.0	74	68	100
661	2026-07-27T19:35:23-04:00	396	263	10	30	93	0	288.0	73	66	100
661	2026-07-27T20:03:18-04:00	396	263	10	30	93	0	288.0	73	66	100
661	2026-07-27T20:42:29-04:00	396	263	10	30	93	0	288.0	73	66	100
661	2026-07-27T21:10:17-04:00	396	263	10	30	93	0	288.0	73	66	100
661	2026-07-27T21:18:38-04:00	396	263	10	30	93	0	288.0	73	66	100
661	2026-07-27T21:37:43-04:00	396	263	10	30	93	0	288.0	73	66	100
661	2026-07-27T22:48:15-04:00	396	263	10	30	93	0	288.0	73	66	100
0	2026-07-28T06:07:24-04:00	394	263	10	30	91	0	288.0	73	67	100
0	2026-07-28T06:24:10-04:00	394	263	10	30	91	0	288.0	73	67	100
0	2026-07-28T09:37:15-04:00	394	263	10	30	91	0	288.0	73	67	100
0	2026-07-28T09:50:23-04:00	394	263	10	30	91	0	288.0	73	67	100
0	2026-07-28T10:11:45-04:00	394	263	10	30	91	0	288.0	73	67	100
0	2026-07-28T10:25:02-04:00	394	263	10	30	91	0	288.0	73	67	100
0	2026-07-28T10:32:19-04:00	394	263	10	30	91	0	288.0	73	67	100
0	2026-07-28T10:41:28-04:00	394	263	10	30	91	0	288.0	73	67	100
0	2026-07-28T11:45:41-04:00	394	263	10	30	91	0	288.0	73	67	100
0	2026-07-28T12:33:56-04:00	394	263	10	30	91	0	288.0	73	67	100
0	2026-07-28T13:31:13-04:00	394	263	10	30	91	0	288.0	73	67	100
0	2026-07-28T14:09:41-04:00	394	263	10	30	91	0	288.0	73	67	100
0	2026-07-28T14:51:34-04:00	394	263	10	30	91	0	288.0	73	67	100
0	2026-07-28T15:13:57-04:00	394	263	10	30	91	0	288.0	73	67	100
0	2026-07-28T15:20:09-04:00	394	263	10	30	91	0	288.0	73	67	100
0	2026-07-28T15:54:56-04:00	394	263	10	30	91	0	288.0	73	67	100
0	2026-07-28T16:08:58-04:00	394	263	10	30	91	0	288.0	73	67	100
0	2026-07-28T16:14:59-04:00	394	263	9	31	91	0	287.5	73	67	100
0	2026-07-28T16:36:41-04:00	394	264	9	30	91	0	288.0	73	67	100
0	2026-07-28T16:56:16-04:00	395	265	9	30	91	0	289.0	73	67	100
0	2026-07-28T17:17:24-04:00	395	265	9	30	91	0	289.0	73	67	100
0	2026-07-28T17:37:18-04:00	395	265	9	30	91	0	289.0	73	67	100
0	2026-07-28T17:41:39-04:00	395	265	9	30	91	0	289.0	73	67	100
0	2026-07-28T18:02:21-04:00	395	265	9	30	91	0	289.0	73	67	100
0	2026-07-28T18:27:07-04:00	395	265	9	30	91	0	289.0	73	67	100
0	2026-07-28T18:52:29-04:00	395	265	9	30	91	0	289.0	73	67	100
0	2026-07-28T19:17:24-04:00	395	265	9	31	90	0	289.5	73	67	100
0	2026-07-28T20:07:20-04:00	395	265	9	31	90	0	289.5	73	67	100
0	2026-07-28T20:31:25-04:00	399	265	9	31	94	0	289.5	73	66	100
0	2026-07-28T20:54:27-04:00	399	265	9	31	94	0	289.5	73	66	100
0	2026-07-28T21:24:01-04:00	399	265	9	31	94	0	289.5	73	66	100
0	2026-07-28T21:46:38-04:00	399	265	9	31	94	0	289.5	73	66	100
0	2026-07-28T22:08:54-04:00	399	265	9	31	94	0	289.5	73	66	100
0	2026-07-28T22:30:54-04:00	399	265	9	31	94	0	289.5	73	66	100
0	2026-07-28T22:34:48-04:00	399	265	9	31	94	0	289.5	73	66	100
0	2026-07-28T22:55:57-04:00	399	265	9	31	94	0	289.5	73	66	100
0	2026-07-28T23:18:31-04:00	399	265	9	31	94	0	289.5	73	66	100
0	2026-07-28T23:41:49-04:00	399	265	9	31	94	0	289.5	73	66	100
0	2026-07-29T00:50:24-04:00	399	265	9	31	94	0	289.5	73	66	100
0	2026-07-29T20:15:23-04:00	405	267	9	31	96	2	291.5	72	66	100
0	2026-07-29T23:26:25-04:00	405	267	9	31	96	2	291.5	72	66	100
0	2026-07-29T23:33:01-04:00	405	267	9	31	96	2	291.5	72	66	100
0	2026-07-29T23:53:43-04:00	405	267	9	31	96	2	291.5	72	66	100
0	2026-07-30T00:10:52-04:00	405	267	9	31	96	2	291.5	72	66	100
0	2026-07-30T00:57:13-04:00	405	267	9	31	96	2	291.5	72	66	100
0	2026-07-30T03:52:56-04:00	405	267	9	31	96	2	291.5	72	66	100
0	2026-07-30T04:14:50-04:00	405	267	9	31	96	2	291.5	72	66	100
0	2026-07-30T06:07:20-04:00	405	267	9	31	96	2	291.5	72	66	100
0	2026-07-30T06:18:42-04:00	405	267	9	31	96	2	291.5	72	66	100
0	2026-07-30T06:45:54-04:00	407	268	9	31	97	2	292.5	72	66	100
0	2026-07-30T06:48:28-04:00	407	268	9	31	97	2	292.5	72	66	100
749	2026-07-30T06:50:45-04:00	407	268	9	31	97	2	292.5	72	66	100
749	2026-07-30T07:28:34-04:00	408	268	9	32	97	2	293.0	72	66	100
749	2026-07-30T09:11:43-04:00	408	268	9	32	97	2	293.0	72	66	100
749	2026-07-30T09:46:08-04:00	410	268	9	33	98	2	293.5	72	65	100
749	2026-07-30T09:51:05-04:00	411	268	9	33	99	2	293.5	71	65	100
749	2026-07-30T10:16:16-04:00	411	269	9	33	98	2	294.5	72	65	100
749	2026-07-30T11:00:18-04:00	412	269	9	33	99	2	294.5	71	65	100
749	2026-07-30T11:31:31-04:00	413	269	9	33	100	2	294.5	71	65	100
749	2026-07-30T12:03:44-04:00	417	269	9	34	103	2	295.0	71	65	100
749	2026-07-30T12:52:13-04:00	418	270	9	34	103	2	296.0	71	65	100
749	2026-07-30T13:30:27-04:00	419	271	9	34	103	2	297.0	71	65	100
749	2026-07-30T17:01:08-04:00	420	272	9	34	103	2	298.0	71	65	100
749	2026-07-30T18:20:55-04:00	421	273	9	34	103	2	299.0	71	65	100
749	2026-07-30T18:56:28-04:00	422	274	9	34	103	2	300.0	71	65	100
749	2026-07-30T20:12:45-04:00	423	275	9	34	103	2	301.0	71	65	100
749	2026-07-30T20:59:36-04:00	423	275	9	34	103	2	301.0	71	65	100
749	2026-07-30T21:43:51-04:00	423	275	9	34	103	2	301.0	71	65	100
749	2026-07-30T22:18:43-04:00	423	275	9	34	103	2	301.0	71	65	100
749	2026-07-30T22:45:46-04:00	427	275	9	35	106	2	301.5	71	64	100
749	2026-07-30T23:31:42-04:00	430	276	9	35	107	3	302.5	70	64	99
749	2026-07-31T00:48:18-04:00	430	276	9	35	107	3	302.5	70	64	99
749	2026-07-31T01:20:28-04:00	430	276	9	35	107	3	302.5	70	64	99
749	2026-07-31T01:52:14-04:00	430	276	9	35	107	3	302.5	70	64	99
749	2026-07-31T02:01:42-04:00	430	276	9	35	107	3	302.5	70	64	99
749	2026-07-31T03:07:43-04:00	430	276	9	35	107	3	302.5	70	64	99
749	2026-07-31T04:26:00-04:00	430	276	9	35	107	3	302.5	70	64	99
749	2026-07-31T05:07:28-04:00	430	276	9	35	107	3	302.5	70	64	99
0	2026-07-31T06:17:39-04:00	430	276	9	35	107	3	302.5	70	64	99
0	2026-07-31T06:52:18-04:00	430	276	9	35	107	3	302.5	70	64	99
0	2026-07-31T08:09:51-04:00	430	276	9	35	107	3	302.5	70	64	99
0	2026-07-31T08:45:38-04:00	433	277	9	35	109	3	303.5	70	64	99
0	2026-07-31T09:05:52-04:00	433	277	9	35	109	3	303.5	70	64	99
0	2026-07-31T09:35:44-04:00	433	277	9	35	109	3	303.5	70	64	99
0	2026-07-31T10:22:27-04:00	433	278	9	35	108	3	304.5	70	64	99
0	2026-07-31T10:50:10-04:00	433	278	9	35	108	3	304.5	70	64	99
0	2026-07-31T11:20:28-04:00	433	278	9	35	108	3	304.5	70	64	99
0	2026-07-31T11:45:50-04:00	433	278	9	35	108	3	304.5	70	64	99
0	2026-07-31T13:05:30-04:00	433	278	9	35	108	3	304.5	70	64	99
0	2026-07-31T13:34:37-04:00	433	278	9	35	108	3	304.5	70	64	99
0	2026-07-31T14:42:06-04:00	433	278	9	35	108	3	304.5	70	64	99
0	2026-07-31T15:13:55-04:00	433	278	9	35	108	3	304.5	70	64	99
0	2026-07-31T15:59:16-04:00	435	280	9	35	108	3	306.5	70	64	99
0	2026-07-31T16:43:30-04:00	435	280	9	35	108	3	306.5	70	64	99
0	2026-07-31T18:21:19-04:00	435	280	9	35	108	3	306.5	70	64	99
0	2026-07-31T18:59:10-04:00	435	280	9	35	108	3	306.5	70	64	99
0	2026-07-31T19:26:06-04:00	435	280	9	35	108	3	306.5	70	64	99
0	2026-07-31T20:05:39-04:00	435	280	9	35	108	3	306.5	70	64	99
0	2026-07-31T20:47:35-04:00	435	280	9	35	108	3	306.5	70	64	99
0	2026-07-31T21:20:28-04:00	435	280	9	35	108	3	306.5	70	64	99
0	2026-07-31T21:45:56-04:00	435	280	9	35	108	3	306.5	70	64	99
0	2026-07-31T22:50:51-04:00	435	280	9	35	108	3	306.5	70	64	99
0	2026-07-31T23:29:15-04:00	435	280	9	35	108	3	306.5	70	64	99
0	2026-08-01T00:22:19-04:00	435	280	9	35	108	3	306.5	70	64	99
0	2026-08-01T00:39:17-04:00	435	280	9	35	108	3	306.5	70	64	99
0	2026-08-01T01:07:29-04:00	435	280	9	35	108	3	306.5	70	64	99
0	2026-08-01T02:15:18-04:00	435	280	9	35	108	3	306.5	70	64	99
0	2026-08-01T03:15:22-04:00	435	280	9	35	108	3	306.5	70	64	99
0	2026-08-01T04:14:12-04:00	435	280	9	35	108	3	306.5	70	64	99
0	2026-08-01T05:01:12-04:00	435	280	9	35	108	3	306.5	70	64	99
0	2026-08-01T05:58:18-04:00	435	280	9	35	108	3	306.5	70	64	99
0	2026-08-01T07:33:14-04:00	435	280	9	35	108	3	306.5	70	64	99
0	2026-08-01T08:09:20-04:00	435	280	9	35	108	3	306.5	70	64	99
0	2026-08-01T08:48:32-04:00	435	280	9	35	108	3	306.5	70	64	99
0	2026-08-01T09:06:15-04:00	435	280	9	35	108	3	306.5	70	64	99
0	2026-08-01T10:57:18-04:00	435	280	9	35	108	3	306.5	70	64	99
0	2026-08-01T11:42:29-04:00	435	280	9	35	108	3	306.5	70	64	99
0	2026-08-01T12:34:44-04:00	435	280	9	35	108	3	306.5	70	64	99
0	2026-08-01T13:27:58-04:00	435	280	9	35	108	3	306.5	70	64	99
0	2026-08-01T14:27:40-04:00	435	280	9	35	108	3	306.5	70	64	99
0	2026-08-01T15:12:29-04:00	435	280	9	35	108	3	306.5	70	64	99
0	2026-08-01T15:39:57-04:00	435	280	9	35	108	3	306.5	70	64	99
0	2026-08-01T15:56:13-04:00	435	280	9	35	108	3	306.5	70	64	99
0	2026-08-01T16:16:17-04:00	435	280	9	35	108	3	306.5	70	64	99
0	2026-08-01T17:09:10-04:00	435	280	9	35	108	3	306.5	70	64	99
0	2026-08-01T18:03:44-04:00	435	280	9	35	108	3	306.5	70	64	99
0	2026-08-01T19:54:42-04:00	435	280	9	35	108	3	306.5	70	64	99
0	2026-08-01T20:26:53-04:00	435	280	9	35	108	3	306.5	70	64	99
0	2026-08-01T21:04:21-04:00	435	280	9	35	108	3	306.5	70	64	99
0	2026-08-01T22:11:03-04:00	435	280	9	35	108	3	306.5	70	64	99
0	2026-08-01T22:50:44-04:00	435	280	9	35	108	3	306.5	70	64	99
0	2026-08-01T23:50:01-04:00	435	280	9	35	108	3	306.5	70	64	99
0	2026-08-02T00:07:00-04:00	435	280	9	35	108	3	306.5	70	64	99
0	2026-08-02T00:52:40-04:00	435	280	9	35	108	3	306.5	70	64	99
0	2026-08-02T01:05:40-04:00	435	280	9	35	108	3	306.5	70	64	99
0	2026-08-02T02:16:11-04:00	435	280	9	35	108	3	306.5	70	64	99
0	2026-08-02T03:19:11-04:00	435	280	9	35	108	3	306.5	70	64	99
0	2026-08-02T04:29:54-04:00	435	280	9	35	108	3	306.5	70	64	99
0	2026-08-02T04:44:17-04:00	435	280	9	35	108	3	306.5	70	64	99
0	2026-08-02T07:57:48-04:00	435	280	9	35	108	3	306.5	70	64	99
0	2026-08-02T13:21:02-04:00	435	280	9	35	108	3	306.5	70	64	99
0	2026-08-02T18:47:59-04:00	435	280	9	35	108	3	306.5	70	64	99
0	2026-08-02T20:41:27-04:00	443	280	9	35	108	11	306.5	69	63	98
0	2026-08-02T22:22:35-04:00	443	280	9	35	108	11	306.5	69	63	98
0	2026-08-02T23:37:29-04:00	443	280	9	35	108	11	306.5	69	63	98
0	2026-08-03T00:47:35-04:00	443	280	9	35	108	11	306.5	69	63	98
0	2026-08-03T00:53:10-04:00	443	280	9	35	108	11	306.5	69	63	98
0	2026-08-03T03:27:01-04:00	443	280	9	35	108	11	306.5	69	63	98
0	2026-08-03T04:00:37-04:00	443	280	9	35	108	11	306.5	69	63	98
0	2026-08-03T04:19:09-04:00	443	280	9	35	108	11	306.5	69	63	98
0	2026-08-03T04:35:00-04:00	443	280	9	35	108	11	306.5	69	63	98
0	2026-08-03T05:32:21-04:00	443	280	9	35	108	11	306.5	69	63	98
0	2026-08-03T06:34:18-04:00	445	280	9	35	108	13	306.5	69	63	97
0	2026-08-03T07:15:42-04:00	445	280	9	35	108	13	306.5	69	63	97
0	2026-08-03T08:15:00-04:00	445	280	9	35	108	13	306.5	69	63	97
0	2026-08-03T08:54:31-04:00	445	280	9	35	108	13	306.5	69	63	97
0	2026-08-03T09:28:25-04:00	445	280	9	35	108	13	306.5	69	63	97
0	2026-08-03T10:04:03-04:00	445	280	9	35	108	13	306.5	69	63	97
0	2026-08-03T10:34:39-04:00	445	280	9	35	108	13	306.5	69	63	97
0	2026-08-03T10:56:19-04:00	445	280	9	35	108	13	306.5	69	63	97
0	2026-08-03T12:25:33-04:00	445	280	9	35	108	13	306.5	69	63	97
0	2026-08-03T12:55:58-04:00	445	280	9	35	108	13	306.5	69	63	97
0	2026-08-03T13:01:05-04:00	445	280	9	35	108	13	306.5	69	63	97
0	2026-08-03T13:41:17-04:00	445	280	9	35	108	13	306.5	69	63	97
0	2026-08-03T14:45:17-04:00	445	280	9	35	108	13	306.5	69	63	97
0	2026-08-03T15:23:08-04:00	445	280	9	35	108	13	306.5	69	63	97
0	2026-08-03T16:11:39-04:00	445	280	9	35	108	13	306.5	69	63	97
0	2026-08-03T16:50:57-04:00	445	280	9	35	108	13	306.5	69	63	97
0	2026-08-03T17:53:16-04:00	445	280	9	35	108	13	306.5	69	63	97
0	2026-08-03T18:03:13-04:00	445	280	9	35	108	13	306.5	69	63	97
0	2026-08-03T18:17:05-04:00	445	280	9	35	108	13	306.5	69	63	97
0	2026-08-03T18:38:05-04:00	445	280	9	35	108	13	306.5	69	63	97
0	2026-08-03T18:47:10-04:00	448	280	9	36	108	15	307.0	69	62	97
0	2026-08-03T18:52:27-04:00	448	280	9	36	108	15	307.0	69	62	97
0	2026-08-03T19:21:54-04:00	448	280	9	36	108	15	307.0	69	62	97
